Loop_time_sec, CPU_u
0.00499825,100
0.00429879,0
0.00440238,nan
0.00422367,nan
0.00431413,0
0.00431342,nan
0.00440054,nan
0.00423142,nan
0.00431421,0
0.00431267,nan
0.00439992,100
0.00422654,nan
0.00435567,0
0.00427088,nan
0.00440329,nan
0.00423413,0
0.004313,nan
0.00431608,nan
0.00440275,100
0.004197,0
0.00435467,nan
0.00431575,nan
0.00440287,100
0.00418962,0
0.00435904,nan
0.00431358,nan
0.00440142,0
0.004198,nan
0.00436037,nan
0.00431404,nan
0.00428417,0
0.00432679,nan
0.00435704,nan
0.00431454,nan
0.00439825,50
0.00419596,nan
0.00435892,nan
0.00431563,0
0.00440242,nan
0.00419883,nan
0.00436129,nan
0.00426821,0
0.00439879,100
0.00419788,nan
0.00435817,0
0.00431417,nan
0.00440683,100
0.00419008,nan
0.00436004,0
0.00431338,nan
0.00440133,nan
0.00420162,nan
0.0043595,0
0.00431138,nan
0.00440067,nan
0.00420337,0
0.00435646,nan
0.00432508,nan
0.00439288,nan
0.00419896,0
0.00435958,nan
0.00431346,nan
0.00440363,100
0.00419371,0
0.00436196,nan
0.00431442,nan
0.004401,0
0.00419733,nan
0.00436179,nan
0.00431688,nan
0.00441858,50
0.00417567,nan
0.00435617,nan
0.00431267,nan
0.00440121,0
0.00420271,nan
0.00435917,nan
0.00432217,0
0.00439258,100
0.00419471,nan
0.00436004,nan
0.00431733,0
0.00435471,nan
0.00419971,nan
0.00436,nan
0.00431196,0
0.00439975,nan
0.00420121,nan
0.00435867,0
0.00431112,nan
0.00439983,100
0.00419487,nan
0.00435958,0
0.00431192,nan
0.00440058,nan
0.00420396,0
0.00435504,nan
0.00428833,nan
0.00443958,nan
0.00420504,0
0.00432446,nan
0.00435371,nan
0.00436317,100
0.00419246,0
0.00436158,nan
0.00431179,nan
0.00440238,nan
0.00419954,0
0.00435875,nan
0.00431267,nan
0.00440067,50
0.00421775,nan
0.00433462,nan
0.0043135,nan
0.00440112,0
0.00420337,nan
0.00435763,nan
0.00429004,nan
0.00444142,0
0.00419883,nan
0.0043615,nan
0.00435371,0
0.00435821,100
0.00419312,nan
0.00436129,nan
0.00431429,0
0.00439954,nan
0.00420196,nan
0.00435758,0
0.00431379,nan
0.00439921,nan
0.004227,nan
0.00433817,0
0.00431258,nan
0.00440121,100
0.00419517,nan
0.00435938,0
0.00431267,nan
0.00440137,nan
0.00419979,0
0.00435908,nan
0.00430958,nan
0.00435846,nan
0.00420421,0
0.00435571,nan
0.00431296,nan
0.00440242,50
0.00419096,nan
0.00435879,nan
0.00431304,nan
0.00440133,0
0.00422267,nan
0.00433204,nan
0.00431563,nan
0.00440171,0
0.0042015,nan
0.00435813,nan
0.00431325,0
0.0044015,100
0.00419117,nan
0.00435996,nan
0.00435729,0
0.00435904,nan
0.00420075,nan
0.00436,0
0.00431296,nan
0.00440112,nan
0.00419983,nan
0.00435958,0
0.00431262,nan
0.00440208,100
0.00421408,nan
0.00433612,0
0.00431429,nan
0.00439937,nan
0.00420512,nan
0.00439317,100
0.00432425,0
0.004378,nan
0.00422004,nan
0.00431079,0
0.00430117,nan
0.00434471,nan
0.00418921,nan
0.00434758,0
0.00430271,nan
0.00439075,100
0.00418329,nan
0.00434954,0
0.004303,nan
0.00439108,nan
0.00419042,0
0.00434254,nan
0.004304,nan
0.00438825,100
0.00418592,0
0.00434438,nan
0.00430225,nan
0.00440812,nan
0.00419788,0
0.00432442,nan
0.00430129,nan
0.004392,nan
0.00418854,0
0.00434475,nan
0.00430242,nan
0.00438879,50
0.00418158,nan
0.004348,nan
0.00432333,nan
0.00436942,0
0.00419092,nan
0.00434925,nan
0.00430471,0
0.00439025,100
0.00417946,nan
0.00434783,nan
0.00430254,0
0.00439046,nan
0.00418838,nan
0.00435038,nan
0.00430013,0
0.0043915,nan
0.00416183,nan
0.00434996,0
0.00430267,nan
0.00438921,100
0.00418608,nan
0.00434783,0
0.00432504,nan
0.00436529,nan
0.00419338,nan
0.004348,0
0.00430267,nan
0.00438946,100
0.00418242,0
0.00434667,nan
0.00430242,nan
0.00439267,nan
0.00418896,0
0.00434742,nan
0.00430108,nan
0.00439283,0
0.00418867,nan
0.00434688,nan
0.004305,nan
0.00439075,50
0.00418408,nan
0.00434837,nan
0.00432542,nan
0.00436837,0
0.0041895,nan
0.00434667,nan
0.00427663,0
0.00443133,nan
0.00419267,nan
0.00434646,nan
0.00430571,0
0.00439096,100
0.0041855,nan
0.00434258,nan
0.00430275,0
0.00441404,nan
0.004165,nan
0.00431704,0
0.00430292,nan
0.00439021,nan
0.00419021,nan
0.00434808,0
0.00430188,nan
0.00439017,100
0.00418254,0
0.00434721,nan
0.00430396,nan
0.00438921,nan
0.00419796,0
0.00434113,nan
0.00430317,nan
0.00439246,100
0.00421112,0
0.0042995,nan
0.00430379,nan
0.00439087,0
0.00421846,nan
0.00430312,nan
0.00430629,nan
0.00439033,0
0.00421825,nan
0.00430229,nan
0.00434396,nan
0.00435238,50
0.00420988,nan
0.00430308,nan
0.00430471,0
0.00438617,100
0.00421487,nan
0.00430408,nan
0.00430504,0
0.00439242,nan
0.00422179,nan
0.00430325,100
0.00429467,0
0.00438713,nan
0.00422308,nan
0.004302,0
0.00430229,nan
0.00439021,nan
0.00422304,nan
0.00430371,0
0.004303,nan
0.00439042,100
0.00421438,nan
0.00430317,0
0.00430258,nan
0.00439113,nan
0.00422158,0
0.00430137,nan
0.00430271,nan
0.00439771,100
0.00420663,0
0.00434525,nan
0.00425812,nan
0.00439296,0
0.00421788,nan
0.0043035,nan
0.00430196,nan
0.00442233,0
0.00419171,nan
0.004302,nan
0.00430538,nan
0.00439079,50
0.00425275,nan
0.0042615,nan
0.00427771,nan
0.00448308,nan
0.00419108,100
0.00442392,nan
0.00425075,100
0.00443004,nan
0.00434608,100
0.00422433,nan
0.00435238,nan
0.0043625,nan
0.00440371,100
0.0043265,nan
0.00427367,100
0.00438121,nan
0.0043675,nan
0.0043765,50
0.00429433,nan
0.00427671,100
0.00440938,nan
0.00427967,nan
0.00423683,100
0.00435575,100
0.004296,nan
0.00435579,nan
0.0043695,100
0.00435558,nan
0.004367,nan
0.00436221,nan
0.0043665,nan
0.00431292,100
0.00435213,nan
0.00436212,nan
0.00436587,100
0.00437012,100
0.00435996,nan
0.004357,nan
0.00436533,100
0.00436825,nan
0.00437125,100
0.00436742,nan
0.00436037,100
0.0043715,nan
0.00433892,nan
0.00433429,100
0.00431446,nan
0.00436729,100
0.00435392,nan
0.00439354,nan
0.00432871,100
0.00434892,nan
0.00430538,100
0.00435808,nan
0.00439675,nan
0.00434917,nan
0.00435583,100
0.00436246,nan
0.00436921,100
0.004379,100
0.00433046,nan
0.00436267,nan
0.00436808,100
0.00436479,nan
0.00435304,nan
0.00436104,100
0.00434996,100
0.00436554,nan
0.00442071,nan
0.00441713,nan
0.00422675,nan
0.00437413,nan
0.00435875,100
0.00434808,nan
0.00435867,100
0.00437583,100
0.00433617,nan
0.00436363,nan
0.00436275,nan
0.00437038,100
0.00435958,100
0.00435092,nan
0.00435683,nan
0.00435396,100
0.00435817,nan
0.00437646,100
0.00435913,nan
0.00436188,100
0.0042615,nan
0.00435608,nan
0.00438154,nan
0.00435879,nan
0.0044225,100
0.00425067,nan
0.00435337,100
0.00424583,100
0.00434538,nan
0.00436554,nan
0.00436546,nan
0.00437096,100
0.00436,nan
0.00436225,100
0.00436383,nan
0.00433017,100
0.00435512,nan
0.00436521,nan
0.00436921,nan
0.00437554,100
0.00439129,100
0.00434792,nan
0.00430388,nan
0.00411587,nan
0.00427333,100
0.00435204,nan
0.00435413,100
0.00435887,100
0.00436371,nan
0.00436271,100
0.00435717,nan
0.00437279,100
0.00436533,nan
0.00437433,nan
0.00436583,100
0.00438554,100
0.0042735,100
0.00435808,nan
0.00435754,nan
0.00436662,nan
0.00437067,100
0.00434233,nan
0.00436387,100
0.00444358,nan
0.00427683,nan
0.00435962,100
0.00436679,nan
0.00435983,100
0.00435421,100
0.00437758,nan
0.00434067,nan
0.00440404,100
0.00432175,nan
0.00445542,nan
0.00426013,nan
0.00436037,100
0.00436937,100
0.00436513,nan
0.00435167,nan
0.00436225,nan
0.00443933,100
0.004279,100
0.00434554,nan
0.00439029,100
0.00435988,nan
0.00428029,100
0.00435846,nan
0.004356,nan
0.00439217,nan
0.00433608,100
0.00435517,nan
0.00434567,100
0.00427767,nan
0.00436075,0
0.00434504,nan
0.00434417,100
0.00436458,nan
0.00432283,nan
0.00435038,nan
0.00435813,nan
0.00444413,100
0.00428467,100
0.00434567,nan
0.00427729,100
0.00437388,nan
0.00437175,nan
0.00437017,nan
0.00435996,100
0.00436188,nan
0.00436342,nan
0.00435625,100
0.00435488,nan
0.0043615,nan
0.00439717,100
0.00433138,nan
0.00435833,100
0.00436396,nan
0.00434621,nan
0.00436467,nan
0.00436417,100
0.00434908,100
0.00435325,nan
0.0043775,nan
0.00435529,100
0.00433717,100
0.00433058,nan
0.004367,nan
0.00436667,100
0.00434971,nan
0.00436004,100
0.00436683,nan
0.00436504,nan
0.00445546,nan
0.00426996,100
0.00436267,100
0.00436579,nan
0.00436517,nan
0.00430108,nan
0.00430363,nan
0.004388,50
0.00417625,nan
0.00434696,nan
0.00430325,0
0.00438992,nan
0.00422738,nan
0.00429179,nan
0.00430321,0
0.00438717,nan
0.00422321,nan
0.00430025,nan
0.00430467,0
0.00438908,100
0.00418187,nan
0.00435012,0
0.00431033,nan
0.00438054,nan
0.004221,nan
0.00430183,0
0.00430267,nan
0.00439004,100
0.00418771,0
0.00433904,nan
0.00430825,nan
0.00434692,nan
0.00392633,0
0.00428983,nan
0.00430192,nan
0.00440408,nan
0.00420621,0
0.00430017,nan
0.00430337,nan
0.00438954,50
0.00421329,nan
0.00430021,nan
0.00431046,nan
0.00438,0
0.004221,nan
0.00430071,nan
0.00430492,0
0.00438579,100
0.00418775,nan
0.00434383,nan
0.00430463,0
0.00440608,nan
0.00421183,nan
0.00429442,nan
0.00430246,0
0.00438908,nan
0.00421879,nan
0.00430342,0
0.00430154,nan
0.00438929,100
0.00421271,nan
0.00427533,0
0.00434929,nan
0.00438104,nan
0.00422238,0
0.00429921,nan
0.00430237,nan
0.0043935,100
0.00422762,0
0.00428337,nan
0.00429996,nan
0.00439442,nan
0.00418704,0
0.00430229,nan
0.00430271,nan
0.004389,nan
0.00422329,0
0.0043,nan
0.00430337,nan
0.00439142,50
0.00420988,nan
0.00430058,nan
0.00430546,nan
0.00439096,0
0.00421604,nan
0.00430304,nan
0.00430446,0
0.00438896,100
0.00421317,nan
0.00430158,nan
0.0043295,0
0.00436254,nan
0.00422075,nan
0.00430296,0
0.00430046,nan
0.00438879,100
0.00421292,nan
0.00430054,nan
0.00430317,100
0.00427367,100
0.00437712,nan
0.00434496,nan
0.00435225,100
0.00438438,nan
0.00437996,nan
0.00431,nan
0.00437687,100
0.00434212,nan
0.00436067,100
0.00436792,nan
0.00435133,nan
0.00435817,100
0.00436296,0
0.0043155,nan
0.00436208,100
0.00435813,100
0.00435488,nan
0.00435429,nan
0.00436279,nan
0.00436592,nan
0.00436483,100
0.00435838,nan
0.00431362,100
0.00438112,100
0.0043455,nan
0.00435508,nan
0.00436542,nan
0.00436821,100
0.00435462,100
0.00424096,100
0.00436333,nan
0.00433229,nan
0.00437633,100
0.00435071,nan
0.00436571,nan
0.00432583,100
0.00435904,nan
0.00435388,nan
0.00436783,100
0.00437946,nan
0.00432725,100
0.00435733,100
0.00430854,nan
0.00437025,nan
0.00436088,100
0.004347,nan
0.00436404,100
0.00436542,nan
0.00435721,nan
0.00434737,nan
0.00443483,100
0.00431021,100
0.00431938,nan
0.00435892,nan
0.00435125,nan
0.00435996,nan
0.00436621,nan
0.00436433,100
0.00436175,nan
0.00435704,100
0.00442454,nan
0.00429696,nan
0.00436275,100
0.00435333,nan
0.00446683,nan
0.00425642,100
0.00434842,nan
0.00436812,100
0.00435083,nan
0.00436188,nan
0.00435208,100
0.00435371,100
0.00435154,nan
0.00436871,100
0.00443437,nan
0.00429962,nan
0.00434033,nan
0.00435354,nan
0.00437304,100
0.00435871,100
0.00436137,nan
0.00435304,nan
0.00436037,nan
0.00436025,100
0.00437542,nan
0.00434863,nan
0.00437483,nan
0.00436367,100
0.00436646,nan
0.00436108,100
0.004428,nan
0.00426325,nan
0.00439517,100
0.00433104,nan
0.00439146,100
0.00431658,nan
0.00437067,nan
0.00436746,100
0.00434963,100
0.00435442,nan
0.00436088,0
0.00435967,100
0.00434521,nan
0.00438037,nan
0.00436925,100
0.00435304,100
0.00438267,nan
0.00427617,100
0.0044325,nan
0.00428996,nan
0.00435258,nan
0.00435612,nan
0.00435337,100
0.00435092,nan
0.00437117,100
0.00434771,nan
0.00437004,100
0.00433838,nan
0.00435654,100
0.00435517,nan
0.00436883,100
0.004363,100
0.00425275,nan
0.00436229,100
0.00436062,nan
0.00435817,nan
0.00435712,100
0.00435392,100
0.00436479,nan
0.00436192,100
0.00434421,nan
0.00437388,nan
0.00435162,100
0.00434863,nan
0.00436529,nan
0.00436321,100
0.00436683,nan
0.00436675,100
0.00436033,nan
0.004365,100
0.00437204,100
0.00434175,nan
0.00438037,nan
0.00436475,100
0.00435892,nan
0.00435079,nan
0.00435379,nan
0.00436692,100
0.00426217,nan
0.00436779,100
0.00436496,nan
0.00433579,nan
0.00436829,nan
0.00437067,100
0.00436092,nan
0.00436258,100
0.00436696,nan
0.00435954,nan
0.00436788,100
0.00436571,nan
0.00436637,100
0.00434638,nan
0.00436513,nan
0.00437004,nan
0.0043595,100
0.0043495,nan
0.00436117,100
0.00436146,100
0.00436192,nan
0.00434333,100
0.00434625,nan
0.00436729,nan
0.0043665,100
0.00434958,nan
0.00436492,100
0.00436692,100
0.00436775,nan
0.00436871,100
0.004362,nan
0.00439262,100
0.00432888,nan
0.00435625,100
0.00436037,nan
0.00435804,nan
0.00437304,100
0.00435425,nan
0.00425792,nan
0.00437162,100
0.0043745,100
0.0043495,nan
0.00435333,nan
0.00435425,nan
0.00436196,100
0.00435954,nan
0.00434979,100
0.00436142,100
0.00436108,nan
0.00437483,100
0.00433733,nan
0.00437308,nan
0.00440246,nan
0.00430217,0
0.00430108,nan
0.00438983,100
0.00421421,nan
0.00430329,0
0.00430383,nan
0.00440717,nan
0.00420383,nan
0.00427704,0
0.00433862,nan
0.004388,nan
0.00422,nan
0.00430571,0
0.00427125,nan
0.00438137,100
0.0042155,0
0.00429942,nan
0.0043015,nan
0.00438929,nan
0.00422313,0
0.00430304,nan
0.00430467,nan
0.00439221,100
0.00421088,0
0.00430113,nan
0.00430263,nan
0.00438967,0
0.00421921,nan
0.00427467,nan
0.00434046,nan
0.00439021,0
0.00422204,nan
0.00430279,nan
0.00430704,nan
0.0043925,50
0.00421208,nan
0.00430071,nan
0.00430146,0
0.00439129,nan
0.004222,nan
0.00430013,nan
0.00430233,0
0.00439021,100
0.00421625,nan
0.00433904,nan
0.00426367,0
0.00438975,nan
0.00422204,nan
0.00428267,0
0.00433787,nan
0.00438958,nan
0.00422208,nan
0.00430213,0
0.00430042,nan
0.00434504,100
0.0042145,nan
0.00430171,0
0.00430113,nan
0.00438958,nan
0.00422096,0
0.00430179,nan
0.00430463,nan
0.00438933,100
0.00421221,0
0.00430154,nan
0.00434458,nan
0.00435033,0
0.00421779,nan
0.00430375,nan
0.00426096,nan
0.00440279,50
0.00420096,nan
0.00430408,nan
0.004303,nan
0.00438771,0
0.00426096,nan
0.00426288,nan
0.00430275,nan
0.00439254,50
0.00421158,nan
0.004304,nan
0.00430308,0
0.00438938,nan
0.00422271,nan
0.00430154,nan
0.00430192,0
0.00438896,nan
0.00422067,nan
0.00430533,nan
0.00430288,0
0.00427296,100
0.00433558,nan
0.00430013,100
0.00431663,100
0.00427783,nan
0.00430538,nan
0.00424204,nan
0.00435679,100
0.00436225,100
0.00434192,nan
0.00439288,100
0.00426917,nan
0.00437129,nan
0.00437017,nan
0.00436054,100
0.00434137,0
0.00427088,100
0.00437808,nan
0.00436529,nan
0.00440608,nan
0.00435371,100
0.00426329,100
0.00435721,nan
0.00438779,100
0.00433108,nan
0.00437125,100
0.00438754,nan
0.00433833,nan
0.00436196,nan
0.00436071,100
0.00435125,100
0.00436692,nan
0.0043625,nan
0.00435671,100
0.00435658,nan
0.00426942,nan
0.00436212,100
0.00431479,100
0.00435396,nan
0.00436558,nan
0.00436679,100
0.00422563,nan
0.00440496,100
0.00426396,nan
0.00437533,nan
0.00428683,100
0.00435763,nan
0.0043145,100
0.0043685,100
0.00435337,nan
0.00439446,nan
0.00432708,nan
0.00436683,nan
0.00436354,100
0.00434617,nan
0.00436771,100
0.00435258,100
0.00435979,nan
0.00435625,nan
0.00437308,nan
0.00436108,nan
0.0043485,100
0.00434525,nan
0.00436329,100
0.00436283,nan
0.00435813,100
0.00440892,nan
0.00430742,nan
0.00437621,100
0.00436263,nan
0.00437887,100
0.00434871,100
0.00435921,100
0.00436354,nan
0.00437063,nan
0.00437233,nan
0.00435975,100
0.00436762,nan
0.00436408,nan
0.00437308,nan
0.0043525,100
0.0043615,nan
0.00435917,nan
0.00436308,nan
0.00436367,100
0.004358,nan
0.004361,nan
0.0043735,nan
0.00434312,100
0.00436392,nan
0.00438179,nan
0.00433996,100
0.0043635,100
0.00435337,nan
0.00435283,nan
0.00436212,100
0.00436088,nan
0.00436979,nan
0.00435546,100
0.00436704,nan
0.00434667,nan
0.00436408,nan
0.00440967,100
0.00431708,nan
0.00439825,100
0.00433367,nan
0.00432646,nan
0.004359,100
0.00436013,100
0.00435287,nan
0.00436371,nan
0.00435658,nan
0.00436987,nan
0.0043515,100
0.00435683,nan
0.00436446,100
0.00435217,100
0.00436979,100
0.00434754,nan
0.00436254,nan
0.00440363,nan
0.00431804,nan
0.00437254,nan
0.00433417,nan
0.00435992,100
0.00435654,nan
0.00435146,100
0.004368,nan
0.00435608,nan
0.00435862,nan
0.00437225,100
0.00445487,nan
0.00426538,100
0.00436942,nan
0.00435329,nan
0.00435583,nan
0.00437646,100
0.00431008,nan
0.004349,100
0.00437437,nan
0.00434171,nan
0.00436071,nan
0.00436558,100
0.00436042,nan
0.00436646,nan
0.00436271,100
0.00435442,100
0.004363,nan
0.00436296,100
0.00436858,nan
0.00437875,nan
0.00435479,nan
0.00432271,100
0.00430475,nan
0.00436113,nan
0.00439642,100
0.00433242,100
0.00436717,nan
0.00434729,nan
0.00447558,nan
0.00427571,100
0.00430621,nan
0.00433475,nan
0.00436338,100
0.00433733,100
0.00438975,nan
0.00432554,nan
0.00435638,nan
0.00436008,nan
0.00437771,nan
0.00436762,100
0.00435054,nan
0.00436833,100
0.0043615,nan
0.00435954,100
0.00434942,nan
0.00436963,nan
0.00436158,nan
0.00435817,nan
0.00446292,100
0.00423825,100
0.00435921,100
0.0043585,nan
0.00435896,nan
0.0043625,100
0.00436779,nan
0.00435771,100
0.00435,nan
0.00436392,nan
0.00439187,100
0.00432892,nan
0.00444754,100
0.00427996,100
0.00434896,nan
0.00436708,nan
0.0043945,nan
0.00434467,100
0.00444429,nan
0.00397379,nan
0.00437517,nan
0.00423296,100
0.00436008,50
0.00434121,nan
0.00439017,nan
0.00439154,nan
0.00422042,nan
0.00434383,0
0.00426446,nan
0.00439404,100
0.00421613,nan
0.00430288,0
0.00430117,nan
0.00439129,nan
0.004221,0
0.004301,nan
0.0043045,nan
0.00441558,nan
0.00419837,0
0.00430375,nan
0.0043035,nan
0.00442071,100
0.00419837,0
0.00430213,nan
0.00430208,nan
0.00439262,0
0.00421917,nan
0.00434171,nan
0.00426508,nan
0.00439012,50
0.0042135,nan
0.0042995,nan
0.00425933,0
0.0043925,nan
0.00422038,nan
0.00430325,nan
0.00430533,0
0.00441204,nan
0.00419996,nan
0.00430137,nan
0.00430188,0
0.00439512,100
0.00421237,nan
0.00430263,0
0.00430367,nan
0.00439138,nan
0.00421854,nan
0.00434329,0
0.00426129,nan
0.00439133,100
0.00421525,nan
0.00430271,0
0.00430104,nan
0.00439038,nan
0.00422196,0
0.00430167,nan
0.00430046,nan
0.00441808,100
0.00418929,0
0.00430067,nan
0.00430204,nan
0.00439383,0
0.00421925,nan
0.0043025,nan
0.00430508,nan
0.00439317,50
0.00421004,nan
0.00434613,nan
0.00426004,0
0.00439175,nan
0.00421925,nan
0.00430275,nan
0.00430054,0
0.00434567,100
0.00421496,nan
0.0043025,nan
0.00430196,0
0.00439221,nan
0.00422275,nan
0.00430342,nan
0.00430271,0
0.00439129,nan
0.00422308,nan
0.00430337,0
0.00428121,nan
0.00442663,100
0.00418817,nan
0.00439275,nan
0.00426638,100
0.00438808,nan
0.00444179,nan
0.00424721,nan
0.00436471,nan
0.00436113,100
0.00435429,nan
0.00436863,nan
0.00433858,100
0.00428021,nan
0.00438192,nan
0.00433354,100
0.00435517,nan
0.00436737,100
0.00439771,nan
0.00429096,100
0.00437421,nan
0.00432425,100
0.00435913,nan
0.00435525,nan
0.00436779,nan
0.00432892,100
0.0043575,nan
0.004359,100
0.00436683,100
0.004351,nan
0.00431763,nan
0.00435633,0
0.00437063,nan
0.00436504,100
0.00435846,nan
0.004367,100
0.00436258,nan
0.00442546,100
0.00428429,100
0.00435846,nan
0.00437408,nan
0.00429375,100
0.00430971,nan
0.00435546,100
0.00434463,nan
0.00435679,nan
0.00436808,nan
0.00435975,100
0.00436333,nan
0.00437479,100
0.00435175,100
0.00438758,nan
0.00430946,nan
0.00426612,100
0.00436783,100
0.00435429,nan
0.00437308,nan
0.00437575,100
0.00436912,nan
0.0043435,nan
0.00437383,100
0.00435496,nan
0.00434992,nan
0.00435817,100
0.00436237,nan
0.00435596,nan
0.00436487,nan
0.004369,100
0.00436321,100
0.00436104,nan
0.00435962,100
0.00435962,nan
0.00437083,100
0.00435992,nan
0.00436333,nan
0.00436208,nan
0.00436775,0
0.00438783,100
0.00432813,nan
0.00435917,100
0.00436008,nan
0.00436,100
0.00434817,nan
0.00436125,100
0.00435546,nan
0.00436454,100
0.00436583,nan
0.00444067,100
0.00429233,nan
0.00436771,100
0.00436517,100
0.00436742,nan
0.0043605,nan
0.00436792,100
0.00437571,100
0.00435112,nan
0.00437342,nan
0.00435996,100
0.00435796,nan
0.00441221,100
0.00429787,nan
0.0043675,100
0.00440958,nan
0.00430821,nan
0.00436821,100
0.00435146,nan
0.00441862,100
0.0042995,nan
0.00436125,100
0.00435992,nan
0.00436125,nan
0.00437021,nan
0.00435563,100
0.00436542,100
0.00435625,nan
0.00438346,100
0.0043395,nan
0.00437333,100
0.00436383,nan
0.00434492,100
0.00436567,nan
0.00439129,nan
0.00440246,nan
0.00430833,nan
0.00443842,nan
0.00427842,100
0.004364,nan
0.00436508,nan
0.00436825,100
0.0043495,100
0.00436383,nan
0.00436546,nan
0.004373,100
0.00438562,nan
0.00433967,100
0.00435813,nan
0.00436342,100
0.00436583,100
0.00434879,nan
0.00437042,nan
0.00435146,nan
0.00436321,100
0.00436387,nan
0.00435279,100
0.00435979,100
0.00436379,nan
0.00436454,nan
0.00435508,100
0.00436679,nan
0.00436679,nan
0.00436833,nan
0.00435633,100
0.00435521,nan
0.0043625,100
0.00436329,100
0.004247,nan
0.004363,100
0.00436371,nan
0.00435796,nan
0.00436329,nan
0.00435875,100
0.00436604,100
0.00436054,nan
0.00436442,nan
0.00437621,100
0.00437008,100
0.00435567,nan
0.00435717,nan
0.00435396,100
0.00431692,100
0.00435967,nan
0.00436637,nan
0.00436117,nan
0.00435996,nan
0.00436879,100
0.00436317,nan
0.00436025,nan
0.00436746,100
0.00434737,100
0.00435775,nan
0.00435138,100
0.00426471,100
0.00436363,nan
0.00436529,100
0.00435879,nan
0.0043565,nan
0.00446663,100
0.00424933,nan
0.00436908,100
0.00434438,nan
0.00436446,nan
0.00436346,nan
0.00436496,nan
0.00440633,100
0.00438992,nan
0.00429088,nan
0.00436158,100
0.00436633,100
0.00433708,nan
0.00428896,100
0.00434162,nan
0.00440358,100
0.00431858,nan
0.00437171,nan
0.00438433,100
0.00438642,nan
0.004217,nan
0.00430354,nan
0.00430283,0
0.00439362,100
0.00421429,nan
0.00430363,0
0.00430013,nan
0.00438954,nan
0.00422167,nan
0.00430312,0
0.00430246,nan
0.00439717,nan
0.00421496,nan
0.00430367,0
0.004301,nan
0.00439379,100
0.00421625,0
0.00430033,nan
0.00430533,nan
0.00439138,nan
0.00421875,0
0.00431096,nan
0.00429346,nan
0.00439288,100
0.0042115,0
0.00430242,nan
0.00430054,nan
0.00439071,0
0.00422204,nan
0.00430246,nan
0.00430267,nan
0.00441029,0
0.00420083,nan
0.00430429,nan
0.00427275,nan
0.00443292,0
0.00422092,nan
0.00430233,nan
0.00430404,0
0.00439463,100
0.00421025,nan
0.00431096,nan
0.0042965,0
0.00439167,nan
0.00422025,nan
0.00426062,nan
0.00430371,0
0.00438971,100
0.00421438,nan
0.00430208,0
0.00430375,nan
0.00441167,nan
0.00420229,nan
0.00430104,0
0.0043035,nan
0.00439396,nan
0.00421908,nan
0.00430162,0
0.00430204,nan
0.00439162,100
0.00421196,0
0.00430896,nan
0.00429537,nan
0.00439183,nan
0.00422308,0
0.00430137,nan
0.00430354,nan
0.00440912,100
0.00419733,0
0.00430075,nan
0.00430279,nan
0.00430388,nan
0.00428954,nan
0.00435367,100
0.00434375,nan
0.00436021,100
0.00435225,nan
0.00435417,nan
0.00436575,100
0.00435692,100
0.00435612,nan
0.0043625,100
0.00435846,nan
0.00436083,100
0.00436483,nan
0.00437296,nan
0.00430642,nan
0.00435746,100
0.00434888,nan
0.00436312,nan
0.004369,nan
0.00435667,100
0.00436621,nan
0.00434638,100
0.00439017,nan
0.00436308,100
0.00437954,nan
0.00430054,100
0.00434958,nan
0.00442746,nan
0.00429217,nan
0.00429817,nan
0.004358,100
0.00436604,nan
0.00436158,nan
0.00435804,100
0.00435254,nan
0.00437058,100
0.00436829,nan
0.00436737,100
0.00435588,100
0.00437396,nan
0.00431025,100
0.00436308,100
0.00432458,nan
0.00437213,nan
0.00436433,100
0.00436033,nan
0.00436725,nan
0.00438221,100
0.00434008,nan
0.0043645,nan
0.00436412,nan
0.00444325,100
0.00427421,nan
0.00436358,nan
0.00437233,nan
0.00437008,100
0.00436129,nan
0.00437442,nan
0.00440429,nan
0.00431375,100
0.00436079,nan
0.00436404,nan
0.00426346,nan
0.00434792,100
0.00435967,nan
0.00436954,100
0.00435296,nan
0.00437392,nan
0.00435638,100
0.00435383,nan
0.00436379,nan
0.0043725,100
0.00434508,nan
0.00434975,nan
0.004364,nan
0.00436154,100
0.00435238,nan
0.00435546,nan
0.00438125,100
0.00435638,nan
0.004387,nan
0.00432917,nan
0.00435642,nan
0.00436771,100
0.00436117,100
0.00434996,nan
0.00435258,100
0.00436346,nan
0.00436792,100
0.00436863,nan
0.00434667,nan
0.00436346,100
0.00435525,100
0.00436208,nan
0.00441404,nan
0.00440092,100
0.00426679,nan
0.00436042,100
0.00435758,100
0.00434879,nan
0.00437179,nan
0.00434892,nan
0.0043625,nan
0.00437,100
0.00435529,nan
0.00435808,nan
0.00436662,100
0.00434833,nan
0.00437671,nan
0.00435233,nan
0.00436567,100
0.004355,100
0.00426029,nan
0.00434325,nan
0.00436625,100
0.00436963,nan
0.00431258,100
0.00435271,100
0.00436104,nan
0.00436237,100
0.00439579,nan
0.00431592,nan
0.00436879,100
0.00438946,nan
0.00442063,nan
0.00425021,100
0.00428437,nan
0.00438225,100
0.00433238,100
0.00435437,nan
0.00441629,nan
0.00431112,100
0.00434796,nan
0.00435183,100
0.00436142,nan
0.0043625,100
0.00435025,nan
0.00436263,nan
0.00435792,nan
0.00429033,100
0.00435717,nan
0.00435867,nan
0.00433875,nan
0.00436188,nan
0.00436867,100
0.00435321,nan
0.00436504,nan
0.00436496,100
0.00435821,nan
0.00436613,100
0.00435787,nan
0.00436617,nan
0.00437042,100
0.00434342,nan
0.00435175,100
0.00436192,100
0.00435929,nan
0.00437238,100
0.004358,nan
0.00436183,nan
0.00451233,nan
0.00416479,100
0.00435333,nan
0.00435842,100
0.00438442,nan
0.00432608,100
0.00435629,nan
0.00436992,100
0.00435821,nan
0.00440013,nan
0.00433208,100
0.00435996,nan
0.0042935,100
0.00435942,nan
0.00435654,nan
0.0043645,100
0.00436579,nan
0.00438717,nan
0.00431012,100
0.00434958,100
0.004359,nan
0.00435254,nan
0.00436992,100
0.00435663,nan
0.00436871,100
0.00435763,nan
0.00436929,nan
0.00435813,100
0.00436771,nan
0.00435563,100
0.00439925,nan
0.00432171,100
0.00436425,nan
0.00436833,100
0.00403229,nan
0.00436462,nan
0.00432175,100
0.0043505,nan
0.00436383,100
0.00435358,100
0.00436154,nan
0.00435275,nan
0.00435896,nan
0.00436688,100
0.00435304,nan
0.00436442,100
0.00439063,50
0.00438188,nan
0.00421863,nan
0.00431083,nan
0.00429263,0
0.00438725,nan
0.00421975,nan
0.00429962,nan
0.00430383,0
0.00438846,100
0.00421258,nan
0.00430121,0
0.00433908,nan
0.00435304,nan
0.00421658,nan
0.00430113,0
0.00430088,nan
0.00438821,100
0.00421462,nan
0.004302,0
0.00430092,nan
0.00438858,nan
0.00422463,nan
0.00429983,0
0.00430237,nan
0.00439304,nan
0.00422129,0
0.00429854,nan
0.00430521,nan
0.00438721,100
0.00421387,0
0.00430375,nan
0.00430279,nan
0.00438875,nan
0.00423208,0
0.00429146,nan
0.00430267,nan
0.00439079,50
0.0042125,nan
0.00430088,nan
0.00430304,nan
0.00439133,0
0.00421733,nan
0.00427542,nan
0.00438696,nan
0.00436525,0
0.00420083,nan
0.00430483,nan
0.00430204,0
0.00439154,100
0.00421429,nan
0.00430492,nan
0.00430496,0
0.00439054,nan
0.00419208,nan
0.00429767,100
0.00429692,0
0.0043875,nan
0.00422017,nan
0.0043035,0
0.00430171,nan
0.00439096,nan
0.004223,nan
0.00430429,0
0.00430229,nan
0.00439275,100
0.00421246,nan
0.00430162,0
0.00427679,nan
0.00433987,nan
0.00429933,100
0.00434675,nan
0.00436217,nan
0.00434821,nan
0.00436071,100
0.00434412,nan
0.00435496,100
0.00435687,nan
0.00436296,nan
0.00436504,nan
0.00435262,100
0.0043785,100
0.00441225,nan
0.00423788,nan
0.00435862,100
0.00437279,100
0.00433133,nan
0.00438971,nan
0.00427121,100
0.00440808,nan
0.00428267,100
0.00436137,nan
0.00437296,nan
0.00436196,100
0.00435742,nan
0.00426146,100
0.00434046,nan
0.00435917,nan
0.00435375,nan
0.00435317,nan
0.00436662,50
0.00435721,nan
0.00436812,100
0.00435575,nan
0.00440129,100
0.00432613,100
0.00434825,nan
0.00438733,nan
0.00428442,nan
0.00428475,100
0.00437054,nan
0.00436633,nan
0.00427896,nan
0.00439196,nan
0.00428687,100
0.00435442,100
0.00434208,nan
0.00435925,100
0.00436975,nan
0.00435287,100
0.0043555,nan
0.00436792,nan
0.00442392,nan
0.00429413,100
0.00435504,nan
0.00436963,nan
0.00436113,nan
0.00436283,100
0.00435512,nan
0.00436688,100
0.00435375,nan
0.0043645,nan
0.00435592,100
0.00435862,100
0.00436008,100
0.00434696,nan
0.00435563,nan
0.00436387,100
0.00435313,100
0.00436017,nan
0.00436371,nan
0.00436837,100
0.00436775,100
0.00433817,nan
0.00436212,nan
0.00437208,100
0.00436021,nan
0.00436267,nan
0.00436987,100
0.00435467,nan
0.00436829,100
0.00435512,nan
0.00449296,nan
0.00423163,nan
0.0043705,100
0.00435208,nan
0.00436371,100
0.00434954,100
0.00435675,nan
0.00436104,100
0.00435592,nan
0.00436421,100
0.00436354,nan
0.00438783,100
0.0042505,nan
0.00436271,nan
0.00436637,nan
0.00436754,nan
0.00435708,nan
0.00439075,100
0.00432908,100
0.00436379,nan
0.00434979,nan
0.00436621,100
0.00437029,nan
0.004359,nan
0.00434246,100
0.00435442,100
0.0043455,nan
0.00435754,nan
0.00435783,nan
0.00436896,100
0.00436192,nan
0.00435154,100
0.00435371,nan
0.00430004,nan
0.00435696,100
0.00436317,100
0.00434688,nan
0.00436767,100
0.00435183,nan
0.00435746,nan
0.00436,100
0.00435583,nan
0.00436646,nan
0.00424796,100
0.00435279,nan
0.00435313,100
0.0043535,nan
0.00436817,100
0.00433763,100
0.00435929,nan
0.00437692,nan
0.00440121,nan
0.00432525,100
0.0043585,nan
0.00435771,nan
0.00436154,100
0.00436008,100
0.00435079,nan
0.00437279,100
0.00436379,nan
0.00436496,nan
0.00437712,100
0.00429792,100
0.00435992,nan
0.00435229,nan
0.0043565,100
0.00436583,nan
0.00439754,nan
0.00433179,100
0.00435813,nan
0.00436692,nan
0.00435775,100
0.00435346,nan
0.00434888,100
0.00434604,nan
0.00436979,nan
0.00436171,100
0.00435537,100
0.00436058,nan
0.00437504,nan
0.004361,100
0.00436142,100
0.00435921,nan
0.00437083,nan
0.00438054,nan
0.00432708,100
0.004353,nan
0.00436188,nan
0.00435462,100
0.00435992,nan
0.00435408,nan
0.00435692,100
0.0043565,nan
0.00437075,100
0.00435346,nan
0.00436363,nan
0.00434683,100
0.00438217,100
0.00433529,nan
0.00445412,nan
0.00426942,nan
0.00437129,100
0.00435971,nan
0.004375,100
0.00434775,nan
0.0043615,nan
0.00436525,100
0.00438679,nan
0.00432129,100
0.00435887,nan
0.00437067,nan
0.00435221,nan
0.00435775,nan
0.00437142,100
0.00429413,nan
0.00436996,100
0.00434983,nan
0.00436708,100
0.00436288,nan
0.00436054,nan
0.00436171,100
0.00449975,nan
0.00417829,0
0.00434617,nan
0.00430113,100
0.00439313,nan
0.0042105,0
0.004303,nan
0.00430208,nan
0.00439738,100
0.00420379,0
0.0043,nan
0.00430571,nan
0.00435512,0
0.00420783,nan
0.00430254,nan
0.00430142,nan
0.00439787,0
0.00420942,nan
0.00430167,nan
0.00430146,nan
0.00440075,50
0.00420104,nan
0.004302,nan
0.00430458,0
0.00440037,nan
0.00421104,nan
0.00430137,nan
0.00430237,0
0.00442312,100
0.00418175,nan
0.0043035,nan
0.004302,0
0.00439529,nan
0.00421208,nan
0.00430392,0
0.00430288,nan
0.0044025,nan
0.00420954,nan
0.00429996,0
0.00430113,nan
0.00439896,100
0.00420179,nan
0.00430367,0
0.00430179,nan
0.00440358,nan
0.00420254,nan
0.00430137,0
0.00430225,nan
0.00440092,100
0.00420146,0
0.00429992,nan
0.004302,nan
0.00440088,nan
0.00417783,0
0.00432458,nan
0.00428242,nan
0.00439829,nan
0.00421117,0
0.00429987,nan
0.00430121,nan
0.00440133,50
0.00420921,nan
0.00429287,nan
0.00430375,nan
0.00440225,0
0.00420792,nan
0.00407629,nan
0.0042825,nan
0.00432067,100
0.00436113,nan
0.00436046,nan
0.00431542,100
0.00437783,nan
0.00433925,100
0.00435108,nan
0.00436492,nan
0.00435504,nan
0.00436317,100
0.00434937,nan
0.00443,100
0.00425371,nan
0.00436613,nan
0.00442413,nan
0.00429163,nan
0.00436542,100
0.00434692,nan
0.00435187,100
0.00435858,100
0.00435862,nan
0.00436454,nan
0.00437433,100
0.00435508,nan
0.00436825,100
0.00434804,nan
0.00430617,nan
0.00436508,100
0.00435792,100
0.00438133,100
0.00433258,nan
0.00436696,nan
0.00436508,nan
0.00444267,100
0.00427321,100
0.00436237,nan
0.00435225,100
0.00435017,nan
0.00435342,nan
0.00442829,100
0.00428837,100
0.00436846,nan
0.00436758,nan
0.00435546,nan
0.00437292,100
0.00434267,100
0.00435087,nan
0.00436542,nan
0.00436808,100
0.00436421,nan
0.00435783,100
0.00435171,nan
0.00436396,100
0.00435704,nan
0.00435675,nan
0.00436354,100
0.00435221,100
0.00439242,100
0.00431821,nan
0.00435087,nan
0.00437479,nan
0.00436762,100
0.00435767,nan
0.00436842,nan
0.00436129,100
0.00436383,nan
0.004367,nan
0.00436229,nan
0.00437046,nan
0.00436954,100
0.00435379,nan
0.004357,100
0.00436417,nan
0.00434975,nan
0.00437442,100
0.00439217,nan
0.00430154,100
0.00434796,nan
0.00436404,nan
0.00437588,nan
0.00435592,100
0.00436083,nan
0.00439392,100
0.00432279,nan
0.00436408,100
0.00436721,nan
0.00435971,100
0.00437283,nan
0.00434288,nan
0.00437687,nan
0.0043445,nan
0.0043605,100
0.00436054,100
0.00435133,nan
0.00435792,100
0.00436729,nan
0.00434454,100
0.00436487,nan
0.00435696,100
0.00435721,nan
0.0043625,100
0.00436783,nan
0.00435879,100
0.00435979,nan
0.00436604,nan
0.00435563,100
0.00435242,nan
0.00436567,100
0.00437488,nan
0.00435279,100
0.00433279,nan
0.00435546,nan
0.00436037,100
0.00436454,nan
0.00435417,nan
0.00439025,100
0.00430967,100
0.00436792,nan
0.00435738,nan
0.00437283,nan
0.00436946,100
0.0043595,nan
0.0043585,nan
0.00436196,nan
0.00431921,100
0.00436275,nan
0.00436329,nan
0.0043595,nan
0.00436521,100
0.00435008,nan
0.00436879,100
0.00435258,nan
0.00436379,100
0.00444804,nan
0.00427704,100
0.00435196,nan
0.00434817,100
0.00445675,nan
0.00427812,nan
0.00437179,100
0.00434813,100
0.00437092,nan
0.00436842,100
0.00435029,nan
0.00435775,100
0.00435246,100
0.0043465,nan
0.00437329,nan
0.00435979,nan
0.00438904,100
0.00434558,nan
0.00435687,nan
0.00435871,100
0.00435958,nan
0.00435563,100
0.00435917,nan
0.00436825,100
0.00434813,nan
0.00436008,nan
0.00436375,nan
0.00436158,100
0.00435283,nan
0.00436008,100
0.00436267,nan
0.00438042,nan
0.00427383,100
0.00435425,nan
0.00437375,nan
0.00436733,100
0.00435954,100
0.00435258,nan
0.00434871,nan
0.00436363,100
0.00436654,100
0.00434387,nan
0.0043605,nan
0.0043595,100
0.0043485,nan
0.00436183,nan
0.0043625,nan
0.00435629,100
0.00436312,nan
0.00436621,100
0.00436113,nan
0.00437125,100
0.00437142,nan
0.00427688,nan
0.00435271,100
0.00441283,nan
0.00431225,100
0.00436037,nan
0.0043705,nan
0.00435708,100
0.00437058,nan
0.00435742,100
0.00434392,nan
0.00435938,100
0.00434629,nan
0.00436521,nan
0.00436754,nan
0.00436371,100
0.00435371,nan
0.00401492,nan
0.00433196,nan
0.00446971,50
0.00420887,nan
0.00430038,nan
0.00430246,nan
0.00439042,0
0.00422029,nan
0.00430179,nan
0.00430233,nan
0.00438804,0
0.004221,nan
0.00430183,nan
0.00430254,0
0.00428292,100
0.00432392,nan
0.00430171,nan
0.00430296,0
0.00439004,nan
0.00422621,nan
0.00429483,nan
0.00430258,0
0.00439012,100
0.004214,nan
0.00430196,0
0.00429908,nan
0.004402,nan
0.00420933,nan
0.00430308,0
0.00430288,nan
0.00438846,nan
0.00422192,nan
0.00430142,0
0.0043025,nan
0.004305,100
0.00429492,nan
0.0043465,100
0.00434037,nan
0.00424425,100
0.00435254,nan
0.004248,100
0.00435975,nan
0.00435825,100
0.00435433,nan
0.00436863,nan
0.00434429,100
0.004247,nan
0.00436633,nan
0.00435229,nan
0.00436412,100
0.00436467,100
0.00435867,nan
0.00435221,nan
0.00436942,nan
0.00437133,100
0.00437817,100
0.0042685,nan
0.00436221,0
0.00431763,100
0.004374,nan
0.00435925,100
0.00435675,nan
0.00436179,nan
0.00436058,100
0.00439204,100
0.0042625,nan
0.00434513,nan
0.00437521,nan
0.00435108,100
0.00436529,nan
0.00435962,100
0.00434567,nan
0.00436708,nan
0.00437804,100
0.00436104,nan
0.00435992,100
0.004355,nan
0.0043825,nan
0.00435721,nan
0.00436008,100
0.00435721,nan
0.0042345,100
0.00436317,nan
0.00436017,100
0.004363,nan
0.00439733,nan
0.00429754,nan
0.00436858,nan
0.00437629,100
0.00433983,nan
0.0043695,100
0.00447725,nan
0.00421658,100
0.00435817,100
0.00436221,nan
0.00441283,nan
0.0043,nan
0.00435408,100
0.00448875,100
0.00423637,100
0.00435588,nan
0.00436129,nan
0.00440063,nan
0.00431696,100
0.00435825,nan
0.00435729,100
0.00437358,nan
0.00435504,nan
0.00436762,nan
0.00434983,nan
0.00436842,100
0.0044715,nan
0.00425471,100
0.00435433,nan
0.00435829,100
0.00439817,nan
0.00430825,100
0.00435575,nan
0.00435425,100
0.00425671,nan
0.00435962,nan
0.00437596,nan
0.00435833,100
0.00435,nan
0.00438658,nan
0.004337,nan
0.00436242,100
0.00436046,nan
0.00436242,nan
0.00436163,nan
0.00436633,nan
0.00436367,nan
0.00434954,100
0.00435563,nan
0.00428817,100
0.00435892,nan
0.00435542,nan
0.00436263,100
0.00435446,100
0.00436275,nan
0.00446287,nan
0.00425904,nan
0.00436654,100
0.00438575,nan
0.00431725,nan
0.00437233,100
0.00435829,nan
0.00435408,nan
0.00435767,nan
0.00436562,nan
0.00436392,100
0.00436317,100
0.00435571,nan
0.00433054,nan
0.0043615,nan
0.00436396,100
0.00440921,100
0.00428979,nan
0.00436204,nan
0.00440383,100
0.00432971,nan
0.00434279,nan
0.00437238,100
0.00435604,nan
0.00435542,100
0.00435692,nan
0.00436258,nan
0.00437446,100
0.00434746,nan
0.00435692,100
0.00435287,nan
0.00437367,100
0.00435058,nan
0.00435929,100
0.004399,nan
0.00431375,nan
0.00436717,nan
0.00435204,nan
0.00436733,100
0.00436233,nan
0.00435612,nan
0.00436871,100
0.00435646,100
0.00434925,nan
0.00436737,nan
0.00435533,100
0.00435871,nan
0.00436425,nan
0.00446483,nan
0.00425071,nan
0.00436692,nan
0.00437308,100
0.00435267,100
0.00439329,nan
0.00431688,nan
0.00437854,nan
0.00434471,100
0.00435008,nan
0.00436754,100
0.00434979,nan
0.00435604,nan
0.00436092,nan
0.00437221,100
0.00436275,100
0.00435296,nan
0.00435787,nan
0.00436992,100
0.00435621,100
0.00435117,nan
0.004365,nan
0.00435867,100
0.00435804,nan
0.00435625,nan
0.00443896,100
0.00428808,nan
0.00435329,nan
0.00435283,100
0.004359,nan
0.00435858,100
0.00439104,nan
0.00437692,nan
0.00430896,nan
0.00434912,100
0.00435617,nan
0.00436137,100
0.00434479,nan
0.00436587,nan
0.00436725,100
0.0043585,nan
0.00435525,nan
0.00436412,100
0.004366,nan
0.00435896,nan
0.00437208,nan
0.00435196,100
0.00436058,nan
0.00435817,nan
0.00437475,100
0.00434708,nan
0.00435679,nan
0.00434529,0
0.00430358,nan
0.00439025,100
0.00418529,0
0.00434725,nan
0.00430263,nan
0.00438517,nan
0.00419496,0
0.00434608,nan
0.00430258,nan
0.00438812,0
0.00419292,nan
0.00435379,nan
0.00429171,nan
0.00439317,50
0.00418654,nan
0.00434025,nan
0.00430213,nan
0.00439083,50
0.00418138,nan
0.00434804,nan
0.00430408,0
0.00439167,nan
0.00418721,nan
0.00434713,nan
0.00430004,0
0.00438912,nan
0.00418917,nan
0.00434983,0
0.00430117,nan
0.00440812,100
0.00413833,nan
0.00434971,0
0.00430242,nan
0.00439313,nan
0.00421733,100
0.00429246,0
0.00430083,nan
0.00438696,nan
0.00419325,nan
0.00434483,0
0.00434396,nan
0.00434954,nan
0.00419,0
0.00434671,nan
0.00430158,nan
0.00439133,100
0.0042125,0
0.00427354,nan
0.00437571,100
0.00428846,nan
0.00438717,nan
0.00424208,nan
0.00436975,100
0.00435887,100
0.00435575,nan
0.00434642,100
0.0043525,nan
0.00436217,nan
0.00442629,100
0.00428917,nan
0.00435358,100
0.00436667,nan
0.00435087,nan
0.00435379,100
0.00436167,nan
0.00448829,nan
0.00419433,nan
0.00437292,nan
0.00426142,100
0.00435063,100
0.00436196,nan
0.00439333,nan
0.00435583,nan
0.00431458,100
0.00433371,100
0.00433992,nan
0.00436533,nan
0.00436212,100
0.00435996,nan
0.00436171,100
0.00435242,nan
0.0043635,nan
0.004366,100
0.00434696,nan
0.00437229,100
0.00434921,100
0.00441071,nan
0.00431104,100
0.00436529,nan
0.00436788,100
0.00434263,nan
0.00436029,100
0.00435512,nan
0.00436596,nan
0.00436346,nan
0.00436008,100
0.0044085,nan
0.00431179,100
0.00438867,100
0.00426646,nan
0.00436267,nan
0.00437883,100
0.00438671,nan
0.00436212,100
0.004281,nan
0.00427417,100
0.00436654,100
0.00434946,nan
0.00435938,0
0.00436263,nan
0.00435658,100
0.004352,nan
0.00436571,nan
0.00439496,100
0.00428842,nan
0.00434208,nan
0.00436796,100
0.00435542,100
0.00435671,nan
0.00436708,nan
0.00436167,100
0.00437021,nan
0.0043745,100
0.00433208,nan
0.00436196,100
0.0043485,nan
0.00436825,100
0.0043595,nan
0.0043785,100
0.00434088,100
0.00435325,nan
0.00437346,nan
0.00436146,100
0.00436017,100
0.00435867,nan
0.00434358,nan
0.00435396,nan
0.00446904,100
0.00425438,nan
0.00436029,nan
0.00436542,nan
0.00436683,nan
0.00436196,nan
0.00435008,100
0.00436637,nan
0.00436233,100
0.00434754,nan
0.00435071,nan
0.00437046,100
0.00435629,100
0.0043565,nan
0.00436613,nan
0.0043885,nan
0.00427904,100
0.00437342,nan
0.004361,nan
0.0044045,100
0.00429787,100
0.00436908,nan
0.00436592,nan
0.00436842,nan
0.00436108,nan
0.0043635,100
0.00435908,100
0.00434617,nan
0.00436233,nan
0.00438108,100
0.00434979,100
0.00441646,nan
0.00425183,100
0.00435262,nan
0.00435996,100
0.00435671,nan
0.00437104,nan
0.00435221,100
0.00445113,nan
0.004312,100
0.00430283,nan
0.00434233,100
0.00434779,nan
0.00436638,nan
0.00439708,nan
0.00428204,nan
0.00436671,nan
0.00431787,100
0.00435583,nan
0.00436354,100
0.00435213,nan
0.00436188,nan
0.00436267,100
0.00437771,nan
0.00429304,50
0.00435417,nan
0.00427633,nan
0.00438567,nan
0.00435283,nan
0.00441638,nan
0.00429783,100
0.00435929,100
0.00436646,nan
0.00435771,nan
0.00441075,100
0.00430296,nan
0.00436571,100
0.00435954,100
0.00434454,nan
0.00437746,100
0.00434642,nan
0.004396,nan
0.00433617,100
0.00435633,nan
0.00436679,nan
0.00436425,nan
0.00436637,100
0.00435579,nan
0.0043685,nan
0.00434946,100
0.00435575,nan
0.00434733,nan
0.00437362,nan
0.00436562,nan
0.00436692,100
0.00435238,100
0.00435413,nan
0.00436387,100
0.00438662,100
0.0043295,nan
0.00436725,nan
0.00436662,nan
0.00436812,100
0.00443142,nan
0.00433758,100
0.00429996,nan
0.00428092,nan
0.00436762,100
0.00435883,100
0.00434196,nan
0.00436829,100
0.00427842,nan
0.00436754,nan
0.00436654,100
0.00442887,nan
0.00431254,nan
0.00433467,nan
0.00438308,100
0.00433792,100
0.00435946,nan
0.00437358,nan
0.00436292,nan
0.00436458,100
0.00434479,nan
0.004344,nan
0.00430312,0
0.00439396,nan
0.00421283,nan
0.00430442,nan
0.00430125,0
0.00439012,100
0.00421396,nan
0.00429992,nan
0.00430304,0
0.004345,nan
0.00422054,nan
0.00430337,0
0.00430083,nan
0.00430646,nan
0.00429304,100
0.00434675,nan
0.00436629,100
0.00436254,nan
0.00435283,nan
0.00436929,100
0.00435329,100
0.00435908,nan
0.00436475,nan
0.00436263,nan
0.00438046,100
0.004272,100
0.00429329,nan
0.00435704,nan
0.00436762,nan
0.00437004,100
0.00434933,nan
0.00436888,100
0.00435308,nan
0.00436737,nan
0.00437492,100
0.00434733,nan
0.00436354,100
0.0043135,nan
0.00436675,nan
0.00436137,nan
0.00436317,nan
0.00436688,nan
0.00436008,100
0.00435892,100
0.00434996,nan
0.00435813,nan
0.00436263,nan
0.00431921,100
0.00436354,nan
0.00440867,100
0.00425854,100
0.00435042,nan
0.00436617,50
0.00433579,nan
0.004345,nan
0.00435679,100
0.00444304,nan
0.0042755,100
0.00435929,nan
0.0043705,nan
0.00435717,100
0.00435821,100
0.00435529,nan
0.00400567,nan
0.00434142,100
0.0043405,100
0.00436421,100
0.00438129,nan
0.0043205,nan
0.00437346,100
0.00436067,100
0.00435262,nan
0.00435871,nan
0.0042215,nan
0.00436908,nan
0.00436083,nan
0.00436762,100
0.00436117,100
0.00436429,nan
0.00437596,100
0.00434592,nan
0.00435575,100
0.00435192,nan
0.00437067,nan
0.00434813,nan
0.00436233,nan
0.00440567,100
0.00431892,nan
0.00436192,100
0.00440462,100
0.00433533,nan
0.004326,nan
0.00436342,100
0.00435408,100
0.00436179,100
0.00436183,nan
0.00437838,nan
0.00434617,nan
0.00437067,100
0.00434562,nan
0.00435683,100
0.00435933,100
0.00433962,nan
0.00435904,100
0.00435554,nan
0.00435896,100
0.00436233,100
0.00435496,nan
0.00430121,nan
0.004337,nan
0.004375,100
0.00434171,nan
0.00436467,nan
0.00436662,100
0.00439187,nan
0.00432779,nan
0.00436342,100
0.00434387,100
0.00436258,100
0.004393,nan
0.00431688,nan
0.00436058,nan
0.00437187,nan
0.00434679,100
0.00425817,nan
0.00437362,100
0.00443379,nan
0.00426571,100
0.00434575,nan
0.00436425,100
0.00435833,nan
0.00435675,100
0.00435413,nan
0.00436533,nan
0.00435862,nan
0.00436133,nan
0.00436129,100
0.00435525,100
0.00436267,nan
0.00436083,nan
0.00436746,nan
0.00435983,nan
0.00436121,100
0.004361,nan
0.00436212,100
0.00435121,100
0.00434408,nan
0.00435813,nan
0.00440617,100
0.00431096,nan
0.00437504,100
0.00435904,nan
0.00437046,100
0.00431242,nan
0.00436621,nan
0.00437154,nan
0.00435996,100
0.00435454,nan
0.00437096,100
0.00435825,nan
0.00435579,100
0.00435479,nan
0.00436513,nan
0.00439725,nan
0.00432771,nan
0.00434842,100
0.00435742,nan
0.00436192,nan
0.00435862,nan
0.00436175,nan
0.00436596,100
0.00436683,100
0.00436429,nan
0.00437329,nan
0.00434671,100
0.00435492,nan
0.00435854,nan
0.00436037,100
0.00436404,100
0.00434662,nan
0.00436142,nan
0.00435617,100
0.00436629,nan
0.00436288,100
0.004356,nan
0.00434967,nan
0.00436613,nan
0.00437517,nan
0.00435146,100
0.00431663,100
0.00441729,nan
0.00423067,nan
0.004357,100
0.00435775,100
0.00435954,nan
0.00436975,100
0.00435325,nan
0.00445796,nan
0.0042775,100
0.00435179,nan
0.00429354,100
0.00436142,100
0.00435462,nan
0.00436579,100
0.00435787,nan
0.00437825,100
0.0043275,nan
0.00434858,nan
0.00436338,100
0.00436179,100
0.00436017,nan
0.004361,nan
0.00443004,100
0.0042925,nan
0.004364,nan
0.00436154,nan
0.004359,100
0.00436383,nan
0.00439571,nan
0.00429858,nan
0.00430412,0
0.0044035,nan
0.004207,nan
0.00430267,nan
0.00430229,0
0.00439038,100
0.00421467,nan
0.00430363,0
0.00430146,nan
0.00439379,nan
0.00421975,nan
0.0043035,0
0.00430288,nan
0.00438996,100
0.00421379,0
0.00430188,nan
0.00430258,nan
0.00439063,nan
0.00421979,0
0.0043,nan
0.00430279,nan
0.00439046,nan
0.0042195,0
0.00430013,nan
0.00430088,nan
0.00438717,50
0.00421396,nan
0.00430433,nan
0.00430125,nan
0.00438637,0
0.004225,nan
0.00430221,nan
0.00430337,0
0.00439067,100
0.0042105,nan
0.004302,nan
0.00430308,0
0.00439075,nan
0.00422179,nan
0.00430192,nan
0.00430379,0
0.00434142,nan
0.00422283,nan
0.00430162,0
0.00431104,nan
0.00439608,100
0.00420008,nan
0.00430154,0
0.00429962,nan
0.00439025,nan
0.00421929,0
0.00430146,nan
0.00430175,nan
0.00439175,100
0.00421383,0
0.00430254,nan
0.00430342,nan
0.00439038,nan
0.00422029,0
0.00430354,nan
0.00430142,nan
0.00439042,nan
0.00421904,0
0.00430121,nan
0.00431133,nan
0.00427129,100
0.00429825,nan
0.00436146,50
0.00434587,nan
0.00436271,100
0.00434142,nan
0.00436029,100
0.00434117,nan
0.00437313,nan
0.00437275,100
0.00435842,nan
0.00431417,100
0.00435804,nan
0.00435983,nan
0.00439571,nan
0.00436146,100
0.00431675,100
0.00431612,nan
0.00435246,nan
0.00436258,nan
0.00436367,100
0.00435058,nan
0.00436667,100
0.00440392,nan
0.00430775,100
0.00435979,nan
0.00436158,100
0.00435692,nan
0.00436467,100
0.00438742,nan
0.00428429,nan
0.00437358,nan
0.00436546,nan
0.00436692,100
0.00431275,100
0.00434954,nan
0.00436754,nan
0.00436504,100
0.0043505,nan
0.00438367,nan
0.00435012,100
0.00435492,nan
0.00436354,nan
0.00436779,nan
0.00437008,100
0.00435058,nan
0.00436417,100
0.00437733,nan
0.00433517,nan
0.00436692,nan
0.0043825,100
0.00433492,nan
0.00438467,100
0.0043195,nan
0.00444242,nan
0.00427729,0
0.00436525,nan
0.004363,nan
0.0043605,100
0.00437792,nan
0.00444046,100
0.00425858,nan
0.00436821,nan
0.00435967,nan
0.00436221,nan
0.0043675,nan
0.00436212,100
0.00435992,nan
0.0043615,nan
0.00436404,100
0.00436125,nan
0.00435625,nan
0.00434954,100
0.0043645,nan
0.00435883,nan
0.0043685,100
0.00436146,nan
0.0044105,100
0.00431271,nan
0.00435392,nan
0.004363,100
0.00430775,nan
0.00435754,100
0.00435104,nan
0.00435708,100
0.00435533,nan
0.00436942,100
0.00433742,nan
0.00436963,100
0.00435942,nan
0.00435929,100
0.0043555,nan
0.00436212,nan
0.00437117,100
0.00429871,nan
0.00429012,nan
0.0043335,100
0.00436533,nan
0.00436504,100
0.00435862,nan
0.00436675,100
0.00434762,nan
0.00435946,nan
0.00445538,100
0.00426487,nan
0.00432146,100
0.00437529,nan
0.00434221,nan
0.0044065,100
0.00431904,nan
0.00435246,nan
0.00436083,nan
0.00425046,100
0.00435033,nan
0.00436854,nan
0.00437058,100
0.00435154,100
0.00435679,nan
0.00435712,nan
0.00438046,nan
0.00438504,100
0.00432337,nan
0.00435271,nan
0.00437408,100
0.00435633,100
0.00435612,nan
0.00435829,nan
0.00437183,nan
0.00437454,100
0.00434825,100
0.00435292,nan
0.00435804,nan
0.00438142,nan
0.00434779,nan
0.00435687,100
0.00437454,nan
0.00435071,100
0.00435842,100
0.00435004,nan
0.00435712,nan
0.00436487,100
0.00436338,nan
0.00439758,nan
0.00430275,nan
0.00435767,100
0.00435771,nan
0.00436679,100
0.00434604,nan
0.00436508,100
0.00436863,100
0.00442654,nan
0.00428617,nan
0.00436192,100
0.00435187,nan
0.00435896,nan
0.00437038,nan
0.00435654,100
0.00445667,nan
0.00426708,100
0.00435783,nan
0.00437029,nan
0.00435008,nan
0.00436517,100
0.00435821,nan
0.00441521,100
0.0043635,100
0.00429308,nan
0.00436342,nan
0.00436671,nan
0.00435329,100
0.00435358,nan
0.00436421,100
0.00435233,100
0.00436279,nan
0.0043655,nan
0.00436467,nan
0.00436633,nan
0.00426892,100
0.00434979,nan
0.00435563,nan
0.00428075,100
0.0043535,nan
0.00435417,nan
0.00436571,nan
0.00435813,100
0.00434792,nan
0.00426892,nan
0.00435792,nan
0.00436108,100
0.004362,100
0.00435221,nan
0.00436154,nan
0.00435733,nan
0.00439483,nan
0.00434425,nan
0.00435425,100
0.00423579,100
0.00435633,nan
0.00437442,nan
0.00436417,nan
0.0043645,100
0.00435542,nan
0.00436158,100
0.00434875,100
0.00439421,nan
0.00430079,nan
0.00430371,nan
0.00429892,0
0.00439004,nan
0.00424546,nan
0.00428179,nan
0.00430404,0
0.00438921,100
0.00421367,nan
0.00429933,nan
0.00430179,0
0.00439217,nan
0.0042185,nan
0.00430296,0
0.004302,nan
0.00439554,100
0.00420917,nan
0.00430133,0
0.00430179,nan
0.00438967,nan
0.00422208,nan
0.00430312,0
0.00430279,nan
0.004392,nan
0.00421558,0
0.00431092,nan
0.00429542,nan
0.00438812,100
0.00421462,0
0.00430179,nan
0.00430258,nan
0.00438792,nan
0.00422058,0
0.00430058,nan
0.00434367,nan
0.0042355,50
0.004332,nan
0.00430446,nan
0.00430067,nan
0.00439121,0
0.00421875,nan
0.004302,nan
0.00430346,0
0.00434567,nan
0.00423037,nan
0.00429588,nan
0.00429912,0
0.00439042,100
0.00421096,nan
0.00430046,nan
0.00430371,0
0.00438771,nan
0.00422008,nan
0.00430025,0
0.00430867,nan
0.00426458,100
0.00433883,nan
0.00430217,0
0.00430096,nan
0.00439113,nan
0.00422146,0
0.00430162,nan
0.00430446,nan
0.00438971,100
0.004213,0
0.0043015,nan
0.00430162,nan
0.00439271,nan
0.00421996,0
0.004301,nan
0.00427904,100
0.00437071,nan
0.00435988,100
0.00433625,nan
0.00435796,nan
0.00435846,100
0.00437113,nan
0.00435267,100
0.00435938,nan
0.00436004,100
0.00436517,nan
0.00436683,100
0.00434642,nan
0.00440021,100
0.00424658,nan
0.00436242,nan
0.00438175,nan
0.00434579,nan
0.00449737,100
0.00422679,100
0.00435196,nan
0.00440442,100
0.00435358,nan
0.00431604,nan
0.00437533,nan
0.00436217,nan
0.00438804,100
0.00431246,nan
0.00437375,100
0.0043405,nan
0.00424467,nan
0.00435042,100
0.00435725,nan
0.00436717,100
0.00436008,100
0.00435196,nan
0.00437721,nan
0.00436404,0
0.00436604,nan
0.00436104,nan
0.004321,100
0.00424787,nan
0.00438333,100
0.00434338,nan
0.00436533,100
0.00435654,100
0.00435775,nan
0.00435229,nan
0.00439629,100
0.00432846,nan
0.00427546,nan
0.00434487,100
0.00436767,nan
0.00434883,100
0.00436496,100
0.00435988,nan
0.00436567,nan
0.00436496,100
0.00435921,nan
0.00436821,nan
0.00402387,nan
0.00435667,nan
0.00439358,100
0.00423779,100
0.00434813,nan
0.00436275,nan
0.00437058,100
0.00433829,nan
0.00436675,nan
0.00435846,100
0.00424783,nan
0.00438758,nan
0.00427775,100
0.00440308,nan
0.00433833,100
0.00442579,nan
0.00423192,nan
0.00436329,nan
0.00436883,nan
0.00435658,100
0.00436554,100
0.00436596,nan
0.0043505,100
0.00433879,nan
0.00437771,nan
0.00437725,nan
0.00435067,100
0.00433975,100
0.00437488,nan
0.00428388,100
0.00435646,0
0.00436171,nan
0.00437342,nan
0.00436433,100
0.00435833,nan
0.004352,nan
0.00437033,100
0.00435146,100
0.00437646,nan
0.00433892,nan
0.00437446,nan
0.00436383,100
0.00435429,nan
0.00436479,nan
0.0043615,nan
0.00436308,100
0.00435779,nan
0.00435221,nan
0.00436429,100
0.00435337,nan
0.00442387,100
0.00429287,nan
0.004395,100
0.00434358,nan
0.004334,nan
0.00424583,nan
0.00437267,nan
0.00436133,nan
0.00436396,100
0.00436271,nan
0.00435092,100
0.00435829,100
0.00435654,nan
0.0043625,nan
0.00435779,nan
0.00436304,100
0.00435958,100
0.00441488,nan
0.0042905,100
0.00436121,nan
0.00439596,nan
0.0042535,nan
0.0043625,100
0.00435738,100
0.00436383,100
0.00436863,nan
0.00435329,nan
0.00436633,100
0.00437071,nan
0.00435887,100
0.00436979,nan
0.00435308,100
0.00437337,nan
0.00435654,100
0.00435229,nan
0.00434646,nan
0.00436433,100
0.00434867,100
0.00436888,nan
0.004335,nan
0.00436275,nan
0.00435158,nan
0.00437183,100
0.0043615,100
0.00439158,100
0.00431754,nan
0.00435104,nan
0.00436713,nan
0.00436929,100
0.00435304,nan
0.00436163,nan
0.00436208,nan
0.00436263,100
0.00435425,nan
0.00436771,nan
0.00436279,100
0.00436383,100
0.0043565,nan
0.00434271,nan
0.00436458,100
0.00436792,nan
0.00435383,nan
0.00436312,100
0.004365,nan
0.00436246,nan
0.004362,100
0.00436654,nan
0.00443654,100
0.00427721,nan
0.00435821,100
0.00436267,nan
0.00437508,nan
0.0043605,100
0.00435162,nan
0.00435938,nan
0.00438883,100
0.00432996,nan
0.00435683,nan
0.00435908,nan
0.004372,100
0.004274,100
0.00434992,nan
0.00437129,100
0.00435354,nan
0.00436033,nan
0.00437746,nan
0.0043625,100
0.00436054,nan
0.00436758,100
0.004353,nan
0.00436217,nan
0.00428646,100
0.00435854,nan
0.00435975,nan
0.00443025,nan
0.00438888,100
0.00418483,0
0.00434175,nan
0.00430379,nan
0.00439329,nan
0.00422208,0
0.00432071,nan
0.00428217,nan
0.00439121,0
0.00422038,nan
0.00430162,nan
0.00430217,nan
0.00439071,50
0.00421275,nan
0.00428308,nan
0.00434233,nan
0.00438888,0
0.00421938,nan
0.00430258,nan
0.004303,0
0.00438996,nan
0.00419417,nan
0.00433904,nan
0.00430471,0
0.00427529,100
0.00434387,nan
0.00430188,nan
0.00430146,0
0.004387,100
0.00421692,nan
0.0043025,0
0.00429967,nan
0.00439221,nan
0.00421987,nan
0.00430433,0
0.00425396,nan
0.00440554,nan
0.00420638,nan
0.0043045,0
0.00430237,nan
0.00439162,100
0.00423175,0
0.00428087,nan
0.00430017,nan
0.00438912,nan
0.00422192,0
0.00430208,nan
0.00430433,nan
0.00439175,100
0.00421083,0
0.00430017,nan
0.00430288,nan
0.00439012,0
0.00422075,nan
0.004303,nan
0.00430088,nan
0.00438879,0
0.00422988,nan
0.00429217,nan
0.00430279,nan
0.00439129,50
0.00421408,nan
0.00430008,nan
0.00430463,nan
0.00439058,0
0.00419575,100
0.00429533,nan
0.00435133,nan
0.00436942,100
0.00436429,nan
0.00436083,100
0.00436421,nan
0.00436625,100
0.00436429,100
0.00435042,nan
0.00438421,100
0.00429396,nan
0.00436658,100
0.00438487,nan
0.00428146,nan
0.00437692,100
0.00435775,nan
0.00436925,100
0.00436667,nan
0.00429242,100
0.00435629,nan
0.00441421,nan
0.00425417,nan
0.00438821,100
0.00434858,100
0.00435496,nan
0.00436692,nan
0.00437725,nan
0.00436662,100
0.004359,nan
0.00431658,100
0.00436829,100
0.00435,nan
0.00436554,nan
0.00435767,100
0.00435971,nan
0.00437729,100
0.00438263,nan
0.00432229,nan
0.00435317,nan
0.00441104,nan
0.00432021,nan
0.00437563,100
0.00435021,100
0.00436025,nan
0.00437042,100
0.00435171,nan
0.00435763,nan
0.00443742,nan
0.00430113,100
0.00437575,nan
0.00434438,100
0.00433521,nan
0.00427908,nan
0.00436812,100
0.00436125,100
0.00435138,nan
0.00438692,100
0.00415667,nan
0.00439638,0
0.00427925,nan
0.00443,100
0.00430067,nan
0.00436596,100
0.00435204,nan
0.00436246,100
0.00435117,nan
0.00436829,100
0.00436708,nan
0.004362,nan
0.00436196,nan
0.00436367,100
0.00435517,100
0.00433512,nan
0.00432571,nan
0.00436575,nan
0.00435979,100
0.00435954,nan
0.00436096,100
0.004336,nan
0.00436725,nan
0.004396,nan
0.00433992,100
0.004352,100
0.00434912,100
0.00435204,nan
0.00437271,nan
0.00436142,nan
0.00438517,100
0.00426792,100
0.00434342,nan
0.00436046,nan
0.00436487,nan
0.004423,100
0.00428754,nan
0.00435758,100
0.00436183,nan
0.00446579,nan
0.00425608,nan
0.00436275,100
0.00435,nan
0.00435717,nan
0.00436292,nan
0.00436517,100
0.00435633,nan
0.00438358,nan
0.00437183,nan
0.00434117,100
0.00436654,100
0.00451104,nan
0.00414858,nan
0.00436613,100
0.00435388,nan
0.00438892,100
0.00435004,nan
0.00432921,100
0.00436575,nan
0.00436129,nan
0.00436321,100
0.00435304,100
0.00436392,nan
0.00436237,nan
0.00438625,nan
0.00433979,100
0.00441375,nan
0.00431275,nan
0.00437108,100
0.0043445,nan
0.00436237,100
0.00435558,nan
0.00436829,nan
0.0043615,100
0.00443062,100
0.00427962,nan
0.00437258,nan
0.00434188,100
0.00436113,100
0.00434946,nan
0.00435204,100
0.00435167,nan
0.00435258,nan
0.00436108,nan
0.00436925,100
0.00435208,100
0.00436237,nan
0.00435913,nan
0.00436021,nan
0.00437254,nan
0.00437529,nan
0.00435542,100
0.00434579,nan
0.00436317,100
0.00434867,nan
0.00435933,100
0.00443704,nan
0.00428062,100
0.004358,nan
0.0044475,nan
0.00426913,nan
0.00435583,100
0.00430342,nan
0.00436233,nan
0.00437304,100
0.00437229,100
0.0043455,nan
0.00435775,nan
0.00436692,nan
0.00436654,nan
0.00435796,nan
0.00435417,100
0.00435583,100
0.00435454,nan
0.00440837,nan
0.0042225,nan
0.0043645,100
0.00435887,100
0.00434796,nan
0.00435475,100
0.00435108,nan
0.00438992,nan
0.00433454,nan
0.00435721,nan
0.00436008,100
0.00436675,nan
0.00435625,nan
0.00435833,nan
0.00436996,100
0.00435904,100
0.00435646,nan
0.00436579,nan
0.00436646,nan
0.00436717,100
0.00432871,nan
0.00436867,100
0.00436092,nan
0.00447904,nan
0.00424029,100
0.00435962,nan
0.00435167,100
0.00434737,nan
0.00436062,nan
0.00434871,100
0.00436229,100
0.00435425,nan
0.00436412,100
0.00438808,nan
0.00430142,0
0.00439096,nan
0.004219,nan
0.00429983,nan
0.00430312,0
0.00440442,nan
0.00420525,nan
0.0043025,0
0.00430204,nan
0.00427892,100
0.00430988,nan
0.00438321,nan
0.00433796,100
0.00435029,nan
0.00436592,nan
0.00436604,nan
0.00438371,nan
0.00433283,100
0.00436504,nan
0.00436775,nan
0.00436371,100
0.00432392,nan
0.00435446,100
0.00437658,nan
0.00434575,nan
0.00436317,100
0.00435571,nan
0.00436058,100
0.00435233,nan
0.00436637,100
0.00436475,100
0.00436008,nan
0.00434233,nan
0.00438025,100
0.00433046,100
0.00435621,nan
0.00436104,nan
0.00435867,nan
0.00436433,100
0.0043495,nan
0.0043635,100
0.00435367,nan
0.00436879,nan
0.004347,100
0.00435663,nan
0.00436671,100
0.00435213,100
0.0043735,nan
0.00427792,nan
0.00438992,100
0.00435767,100
0.00435392,nan
0.00439108,100
0.00431504,100
0.00435446,nan
0.00436246,nan
0.00436963,nan
0.00436137,nan
0.00436225,nan
0.00435846,nan
0.00428275,100
0.00435579,100
0.0044625,nan
0.00426133,nan
0.00438013,nan
0.00436829,100
0.00433338,nan
0.00436113,100
0.0043525,nan
0.00436229,nan
0.00436654,nan
0.00440987,100
0.00430983,100
0.00435196,nan
0.00436771,100
0.00434675,100
0.00435925,nan
0.00435867,100
0.00436346,nan
0.00435829,nan
0.00436271,nan
0.004369,100
0.00434833,nan
0.00438825,nan
0.00434688,nan
0.00435904,100
0.00434258,nan
0.00436579,100
0.00425458,nan
0.00437325,nan
0.00435642,100
0.0044545,nan
0.00428375,nan
0.00435537,100
0.00435429,100
0.00436067,nan
0.00435879,nan
0.00436937,100
0.00435496,nan
0.00435383,nan
0.00435979,100
0.00439242,100
0.00433104,nan
0.00434933,nan
0.0043805,nan
0.00434775,nan
0.00437017,nan
0.00434671,100
0.00437029,nan
0.00435204,nan
0.00435946,nan
0.00438117,100
0.00433971,nan
0.00434254,100
0.00436237,100
0.00440462,nan
0.00430475,100
0.00435958,nan
0.0043705,nan
0.00436721,nan
0.00437771,100
0.00433038,100
0.00436671,100
0.00444629,nan
0.00429396,nan
0.00423792,nan
0.00425567,nan
0.00437,100
0.00435492,nan
0.00436104,100
0.00436412,nan
0.00436221,nan
0.00436733,nan
0.00436625,100
0.00432842,nan
0.00434267,nan
0.00437325,100
0.00435625,nan
0.00432062,100
0.00396225,nan
0.00434379,nan
0.00435933,100
0.00434937,100
0.00439183,nan
0.00426883,nan
0.00435725,100
0.00435371,100
0.0043585,nan
0.00436417,nan
0.00437496,100
0.00433787,nan
0.00437196,100
0.00435187,nan
0.00435396,nan
0.00436521,100
0.00443454,100
0.0042755,nan
0.00436558,nan
0.00437471,100
0.00435196,100
0.00435825,nan
0.00436079,100
0.00435738,nan
0.00435646,nan
0.00436946,nan
0.00436746,100
0.00434829,nan
0.00436587,nan
0.00437233,nan
0.00427921,100
0.00435683,nan
0.00435933,nan
0.00435592,100
0.00434542,nan
0.00437371,100
